<?xml version="1.0" encoding="UTF-8"?>
<project version="4">
  <component name="ChangeListManager">
    <list default="true" id="df342478-03a9-4984-99c8-33ac4f959c30" name="Default Changelist" comment="" />
    <option name="SHOW_DIALOG" value="false" />
    <option name="HIGHLIGHT_CONFLICTS" value="true" />
    <option name="HIGHLIGHT_NON_ACTIVE_CHANGELIST" value="false" />
    <option name="LAST_RESOLUTION" value="IGNORE" />
  </component>
  <component name="ExecutionTargetManager" SELECTED_TARGET="device_and_snapshot_combo_box_target[]" />
  <component name="ProjectId" id="1o6Y9XwhbIny3TgjluzGMUZSplu" />
  <component name="ProjectViewState">
    <option name="hideEmptyMiddlePackages" value="true" />
    <option name="showLibraryContents" value="true" />
  </component>
  <component name="PropertiesComponent">
    <property name="ApkProjectPathProperty.apkImportPath" value="$USER_HOME$/Downloads/app-release.apk" />
    <property name="ApkProjectPathProperty.apkImportTimestamp" value="1612599172114" />
    <property name="RunOnceActivity.OpenProjectViewOnStart" value="true" />
    <property name="RunOnceActivity.ShowReadmeOnStart" value="true" />
    <property name="android.sdk.path" value="$USER_HOME$/AppData/Local/Android/Sdk" />
    <property name="com.android.ide.apk.debugging" value="true" />
    <property name="com.intellij.ide.scratch.LRUPopupBuilder$1/New Scratch File" value="TEXT" />
    <property name="last_opened_file_path" value="$PROJECT_DIR$" />
    <property name="project.structure.last.edited" value="Modules" />
    <property name="project.structure.proportion" value="0.0" />
    <property name="project.structure.side.proportion" value="0.2" />
    <property name="run.code.analysis.last.selected.profile" value="pProject Default" />
    <property name="settings.editor.selected.configurable" value="AndroidSdkUpdater" />
  </component>
  <component name="RunManager">
    <configuration name="app-release" type="AndroidRunConfigurationType" factoryName="Android App" activateToolWindowBeforeRun="false">
      <module name="app-release" />
      <option name="DEPLOY" value="true" />
      <option name="DEPLOY_APK_FROM_BUNDLE" value="false" />
      <option name="DEPLOY_AS_INSTANT" value="false" />
      <option name="ARTIFACT_NAME" value="" />
      <option name="PM_INSTALL_OPTIONS" value="" />
      <option name="ALL_USERS" value="false" />
      <option name="DYNAMIC_FEATURES_DISABLED_LIST" value="" />
      <option name="ACTIVITY_EXTRA_FLAGS" value="" />
      <option name="MODE" value="default_activity" />
      <option name="CLEAR_LOGCAT" value="false" />
      <option name="SHOW_LOGCAT_AUTOMATICALLY" value="false" />
      <option name="SKIP_NOOP_APK_INSTALLATIONS" value="true" />
      <option name="FORCE_STOP_RUNNING_APP" value="true" />
      <option name="TARGET_SELECTION_MODE" value="DEVICE_AND_SNAPSHOT_COMBO_BOX" />
      <option name="SELECTED_CLOUD_MATRIX_CONFIGURATION_ID" value="-1" />
      <option name="SELECTED_CLOUD_MATRIX_PROJECT_ID" value="" />
      <option name="DEBUGGER_TYPE" value="Auto" />
      <Auto>
        <option name="USE_JAVA_AWARE_DEBUGGER" value="false" />
        <option name="SHOW_STATIC_VARS" value="true" />
        <option name="WORKING_DIR" value="" />
        <option name="TARGET_LOGGING_CHANNELS" value="lldb process:gdb-remote packets" />
        <option name="SHOW_OPTIMIZED_WARNING" value="true" />
      </Auto>
      <Hybrid>
        <option name="USE_JAVA_AWARE_DEBUGGER" value="false" />
        <option name="SHOW_STATIC_VARS" value="true" />
        <option name="WORKING_DIR" value="" />
        <option name="TARGET_LOGGING_CHANNELS" value="lldb process:gdb-remote packets" />
        <option name="SHOW_OPTIMIZED_WARNING" value="true" />
      </Hybrid>
      <Java />
      <Native>
        <option name="USE_JAVA_AWARE_DEBUGGER" value="false" />
        <option name="SHOW_STATIC_VARS" value="true" />
        <option name="WORKING_DIR" value="" />
        <option name="TARGET_LOGGING_CHANNELS" value="lldb process:gdb-remote packets" />
        <option name="SHOW_OPTIMIZED_WARNING" value="true" />
      </Native>
      <Profilers>
        <option name="ADVANCED_PROFILING_ENABLED" value="false" />
        <option name="STARTUP_PROFILING_ENABLED" value="false" />
        <option name="STARTUP_CPU_PROFILING_ENABLED" value="false" />
        <option name="STARTUP_CPU_PROFILING_CONFIGURATION_NAME" value="Sample Java Methods" />
        <option name="STARTUP_NATIVE_MEMORY_PROFILING_ENABLED" value="false" />
        <option name="NATIVE_MEMORY_SAMPLE_RATE_BYTES" value="2048" />
      </Profilers>
      <option name="DEEP_LINK" value="" />
      <option name="ACTIVITY_CLASS" value="" />
      <option name="SEARCH_ACTIVITY_IN_GLOBAL_SCOPE" value="false" />
      <option name="SKIP_ACTIVITY_VALIDATION" value="false" />
      <method v="2" />
    </configuration>
  </component>
  <component name="SvnConfiguration">
    <configuration />
  </component>
  <component name="TaskManager">
    <task active="true" id="Default" summary="Default task">
      <changelist id="df342478-03a9-4984-99c8-33ac4f959c30" name="Default Changelist" comment="" />
      <created>1612608360075</created>
      <option name="number" value="Default" />
      <option name="presentableId" value="Default" />
      <updated>1612608360075</updated>
    </task>
    <servers />
  </component>
  <component name="WindowStateProjectService">
    <state x="121" y="0" key="#Project_Structure" timestamp="1615990148689">
      <screen x="0" y="0" width="1280" height="680" />
    </state>
    <state x="121" y="0" key="#Project_Structure/0.0.1280.680@0.0.1280.680" timestamp="1615990148689" />
    <state x="398" y="220" key="ANALYSIS_DLG_com.intellij.analysis.BaseAnalysisAction$1" timestamp="1615989814769">
      <screen x="0" y="0" width="1280" height="680" />
    </state>
    <state x="398" y="220" key="ANALYSIS_DLG_com.intellij.analysis.BaseAnalysisAction$1/0.0.1280.680@0.0.1280.680" timestamp="1615989814769" />
    <state x="121" y="0" key="SettingsEditor" timestamp="1618149957579">
      <screen x="0" y="0" width="1280" height="680" />
    </state>
    <state x="121" y="0" key="SettingsEditor/0.0.1280.680@0.0.1280.680" timestamp="1618149957579" />
    <state x="0" y="0" width="589" height="680" key="find.popup" timestamp="1615989645460">
      <screen x="0" y="0" width="1280" height="680" />
    </state>
    <state x="0" y="0" width="589" height="680" key="find.popup/0.0.1280.680@0.0.1280.680" timestamp="1615989645460" />
  </component>
</project>